Name,Address,Price,Rating
KABEL LAN UTP cat 6 cat6 BELDEN made in USA meteran eceran - Abu-abu,Jakarta Timur,Rp7.500,4.9
Karet Konektor UTP RJ45 Plug Boot Cover Pelindung RJ 45 PLUGBOOT - Hitam,Jakarta Timur,Rp350,4.9
KABEL LAN UTP cat5 cat 5e BELDEN made in USA ORIGINAL meteran,Jakarta Timur,Rp6.000,4.8
AIGO KOSONG,Cirebon,Rp105,5
Barrel Barel Konektor RJ45 Penyambung Dua Konektor RJ 45 UTP LAN,Jakarta Timur,Rp1.500,4.9
Cagenut Cage Nut Rackmount wallmount rack Baud Rak Server Baut Tower,Jakarta Timur,Rp1.800,4.9
Adapter Fiber Optic SC - UPC Single Mode,Surabaya,Rp1.277,4.9
Switch OUTEMU - Red Brown Blue Black Purple Mechanical Keyboard,Kab. Bekasi,Rp3.000,5
CD/DVD CASE KOTAK PLASTIK SLIM PUTIH,Jakarta Utara,Rp1.800,4.9
Barel RJ45 Coupler Female to Female UTP LAN Ethernet Barrel Converter,Jakarta Pusat,Rp819,4.9
Kabel LAN AMP Commscope Blue Cat 6 Meteran LAN UTP Cat6 Original Biru,Jakarta Timur,Rp7.500,4.9
PLUG BOOT RJ45 / COVER RJ45 / PELINDUNG RJ45,Jakarta Barat,Rp190,4.9
Flashdisk SanDisk Cruzer Blade 16GB USB Flash Drive CZ50 - GARANSI RESMI,Jakarta Utara,Rp44.000,4.8
MOUSE PAD LOGITECH - MOUSE PAD MICROSOFT - 24 X 20 - MOUSE PAD MURAH,Surabaya,Rp4.002,4.8
BOX KOTAK FLASHDISK UNIVERSAL,Tangerang,Rp6.000,4.9
SanDisk USB Flash Drive Cruzer Blade 16GB CZ50 GARANSI RESMI SANDISK INDONESIA,Jakarta Pusat,Rp38.000,4.9
cable utp cat5e spc zimin link - kabel lan utp tebal per meter cat 5e,Jakarta Barat,Rp2.000,4.7
Kabel LAN Outdoor FTP Cat5e Spectra - Eceran Meteran - Bukan AMP Belden,Bandung,Rp2.000,4.9
Protection sleeve atau pelindung sambungan 6mm BESAR Bisa utk sambungan dropcore  fiber optic,Surabaya,Rp800,5
Flashdisk SanDisk Cruzer Blade 8GB USB Flash Drive CZ50 - GARANSI RESMI,Jakarta Utara,Rp43.000,4.9
DVD BOX 9MM DOUBLE GT-PRO,Jakarta Utara,Rp3.000,4.9
Switch GATERON - Red Brown Clear Yellow Green Blue Mechanical Keyboard,Kab. Bekasi,Rp3.250,5
KONEKTOR RJ45 / RJ 45,Jakarta Barat,Rp180,4.8
Thermal Pad 1cm x 1cm x 1mm CPU GPU Processor VGA Heatsink Silicone,Surabaya,Rp25.000,4.9
Socket konektor jst 2 Pin baterai Black housing kabel 2pin,Surabaya,Rp2.100,4.9
RJ45 Connector LAN Jack RJ 45 Satuan per 100,Tangerang Selatan,Rp23.000,4.7
Gamepad single Usb M-Tech stick laptop stick pc joystick,Jakarta Barat,Rp37.900,4.8
CoolCold Laptop Vacuum Vacum Cooler Cooling Pad Hisap Panas Notebook,Depok,Rp58.888,4.9
SanDisk Cruzer Blade 8GB USB Flash Drive CZ50 - GARANSI RESMI,Jakarta Barat,Rp35.500,4.9
Micro SD Card SanDisk 16GB Ultra CLASS10 48Mbps NEW!,Jakarta Barat,Rp43.000,4.8
Belden Kabel UTP Cat 6 Original Eceran,Jakarta Pusat,Rp6.999,4.7
SECOND HARD DISK CADDY CENTRO SATA 9.5 12.7,Surabaya,Rp15.506,4.9
Flasdisk Sandisk 16gb,Jakarta Selatan,Rp39.900,4.9
Karet Knee Neple Infus Modif Ciss Nepel,Jakarta Pusat,Rp450,4.7
Kabel LAN CAT5E FTP STP Outdoor 1Gbps POE Support Kabel Meteran,Jakarta Barat,Rp3.600,4.9
Protector Protection Sleeve Besar Fiber Optic,Bandung,Rp500,5
"Karet Knee Infus, Neple Infus",Surabaya,Rp300,4.8
Sandisk Cruzer Blade CZ50 16GB,Jakarta Barat,Rp36.300,4.8
TOTOLINK N300RT - 300MBPS WIRELESS ROUTER,Sidoarjo,Rp196.000,4.9
Belden Kabel Lan STP Cat6 Cable FTP Cat 6 Outdoor Per Meter 50106F,Jakarta Pusat,Rp15.000,5
KABEL HDMI TO HDMI 1 5 METER HIGH QUALITY & HIGH SPEED,Jakarta Timur,Rp12.500,4.9
Kabel UTP CAT6 kecepatan 1 Gbps Network Cable CAT 6 Meteran Telebit,Bandung,Rp3.490,4.9
Mini PC WiFi adapter 150M USB WiFi antenna Wireless Computer Network Card 802.11n/g/b LAN+Antenna wi-fi adapters wi fi antenna,Kab. Bekasi,Rp25.000,4.8
SanDisk Flashdisk Cruzer Blade CZ50 - 16GB Garansi Resmi,Jakarta Barat,Rp38.900,4.9
konektor lan rj 45,Kab. Bekasi,Rp500,4.9
Meter meteran  kabel Cat 5e vascolink,Jakarta Barat,Rp1.800,4.9
Jual 3Slot Meja Laptop Portable Lipat Lipet Kayu Belajar Komputer Anak iPad,Surabaya,Rp65.000,4.7
Mouse Pad Murah Branded,Medan,Rp4.200,4.8
TP-Link TL-WR840N 300Mbps Wireless N Router,Jakarta Pusat,Rp151.999,4.8
Mousepad Logitech Murah Anti Slip,Jakarta Barat,Rp2.500,4.8
Kabel UTP LAN Outdoor FTP STP CAT5E Eceran Per Meter Ecer Spectra Non Krimping,Surabaya,Rp2.000,4.9
VOTRE Mouse Optic USB,Jakarta Pusat,Rp9.500,4.7
"DVD-R Maxell 4,7 GB | DVD R Kosong | DVD Kosong | Blank DVD R | Optical Disk",Surabaya,Rp2.830,4.9
Amplop CD DVD / Tempat CD DVD Kertas,Jakarta Utara,Rp200,4.9
Soket Micro USB Female Cewek Board USB-01,Jakarta Barat,Rp2.000,4.9
Fast Connector SC UPC Konektor Fiber Optik FO FTTH Capit Buaya,Surabaya,Rp3.500,5
kipas laptop type samoon nc32 1 kipas 16cm bergaransi 3 bulan,Jakarta Utara,Rp29.900,4.9
Kipas Pendingin DC 8025,Jakarta Pusat,Rp8.800,4.9
Taplak Meja Tatakan Mouse Pad Raksasa Matras Peta Dunia Ukuran Besar,Depok,Rp26.888,4.9
Kabel Sata 3 III Klip Besi 90 Degree Derajat,Jakarta Utara,Rp8.000,5
Belden Kabel / Cable UTP Cat 5e Meteran,Jakarta Pusat,Rp6.500,4.8
Kabel LAN UTP Cat5E meteran,Bandung,Rp1.700,4.9
Mouse Lenovo M20 Optical USB,Jakarta Barat,Rp18.500,4.8
Flash Disk Sandisk Blade - 16GB,Surabaya,Rp35.900,4.9
RJ45 Connection LAN Jack RJ45,Jakarta Barat,Rp300,4.9
Tambahan kabel perpanjangan antena 1m,Hulu Sungai Tengah,Rp4.000,4.9
Stiker Segel Garansi Pecah Telur HQ -- SIAP PAKAI -- CETAK LASERJET,Surabaya,Rp18.500,4.9
Case DVD GT Pro Double Black 9mm,Jakarta Pusat,Rp4.000,5
Mouse Wireless Komic KM-803 - 1200DPI Nano USB Free Battery,Jakarta Utara,Rp90.000,4.9
CONNECTOR FO FAST CONNECTOR STANDART,Sidoarjo,Rp33.000,5
BAREL RJ45 FEMALE TO FEMALE,Jakarta Barat,Rp790,4.9
Kabel LAN UTP 30M RJ45 Cat 5e Cable 30 Meter terpasang konektor cat5e,Jakarta Barat,Rp37.900,4.9
MOUSE VOTRE USB,Surabaya,Rp9.600,4.9
plug boot rj45 - cover rj45,Jakarta Utara,Rp300,4.9
K5 Kertas Thermal 57 x 25 untuk - Printer 58 Struk Kasir,Jakarta Pusat,Rp1.500,4.8
Usb Wifi Mini Wireless Adapter 150 300 Mbps 802.11n Usb Dongle Adapter,Kab. Bekasi,Rp30.500,4.8
rj11 pin telpon rj11 jack conector / konektor rj 11,Jakarta Pusat,Rp299,5
BAREL UTP RJ45 FEMALE-FEMALE,Surabaya,Rp1.000,4.9
"Baterai Laptop cell 18650 dan 11865 Bekas,  Pengisian bagus,  telah dicek,  Garansi",Jember,Rp6.000,4.8
Flashdisk Sandisk Cruzer Blade 16GB Original Garansi Resmi,Jakarta Barat,Rp38.900,4.9
KERTAS FOTO FUJI SILKY  - PAPER SILKY,Cirebon,Rp40.000,4.8
Keyboard Laptop ASUS X453 X451 X455 A455 D451 X451C X453M X451M X453MA X451MA X455 X455L X453S X453SA X451CA A455L A455LA,Jakarta Utara,Rp47.000,4.8
Fast Connector SC UPC SOC Fiber Optic FTTH,Bandung,Rp5.000,4.9
Dropcore Fast Connector SC UPC Dropcore adapter FTTH CATV RT RW net Fiber Optik,Surabaya,Rp3.500,4.9
Belden UTP Cable Cat6 ORI USA Lan Cable Cat 6 Meteran,Jakarta Barat,Rp6.900,4.9
Gamepad Double Mtech Joystick Gamepad Double Hitam M-Tech Pc Laptop,Jakarta Barat,Rp67.900,4.8
ROUTER ZTE F609 v3,Kab. Tangerang,Rp210.000,4.8
Flashdisk Sandisk Cruzer Blade 32gb Usb Flash Drive Cz50 - Garansi Resmi,Jakarta Utara,Rp49.500,4.9
Lan Tester Alat Penguji Kabel Lan RJ45 RJ11,Jakarta Barat,Rp29.800,4.9
VOTRE Mouse Optic USB,Jakarta Pusat,Rp9.500,4.8
Kabel Data Sata 3.0 Good Quality,Surabaya,Rp3.000,4.9
Kabel LAN networking Telebit CAT 5e Premium HARGA METERAN,Bandung,Rp2.300,4.9
Konektor RJ45 AMP,Medan,Rp18.500,4.7
Logitech Wireless Mouse Original M170,Jakarta Selatan,Rp108.900,4.9
Konektor UTP RJ 45 isi 100 cat 5e jack conector rj45 Murah,Jakarta Timur,Rp21.000,4.9
Keyboard Gaming NYK K-02 K02 K 02 Black Only,Jakarta Pusat,Rp110.000,4.9
ADAPTOR MICRO SD to MMC - ADAPTER - RUMAH MEMORY CARD - MEDIA TRANSFER,Tangerang,Rp500,4.9
BOX KOTAK FLASHDISK,Tangerang,Rp4.500,4.9
usb wifi wireless adapter network usb wifi dongle 150mbps,Tangerang,Rp15.600,4.9
USB HUB 3.0 7 port by DIGIGEAR HIGH SPEED 1.2 meter,Jakarta Barat,Rp77.900,4.8
Barel RJ45 Sambungan Kabel lan,Jakarta Selatan,Rp2.300,4.9
Adapter SOC Fiber Optik Splice On Connector SC FTTH,Kab. Malang,Rp7.900,4.9
OUTEMU MECHANICAL SWITCH BLUE BROWN RED BLACK SMD RGB,Jakarta Barat,Rp3.000,4.9
Tenda N301 Wireless Easy Home Router Special Price,Jakarta Selatan,Rp131.700,4.8
OTG MINI MICRO USB,Jakarta Utara,Rp700,4.7
LOGITECH MOUSE KABEL B100 CABLE MOUSE B 100 100 ORIGINAL,Jakarta Utara,Rp49.999,4.9
Sandisk Flashdisk 16 Gb Cruzer Blade Original,Tangerang,Rp46.000,4.9
Tenda N301 (router 2Antena),Jakarta Pusat,Rp131.800,4.8
card reader micro sd,Surabaya,Rp2.500,4.7
Fast ethernet 2portSC 4portRJ45 board only,Indramayu,Rp120.000,4.9
FAN LGA 775 & 1155 STD,Tangerang,Rp25.000,4.9
Fiber Optic Fast Connector SC/UPC Konektor Fiber Optik Buaya FTTH SC/UPC Biru,Jakarta Barat,Rp3.000,4.9
Kabel LAN FTP STP Cat6 Cat 6 Outdoor Gigabit High Speed Ethernet,Bandung,Rp2.700,4.8
Mounting Bracket HDD SSD 2.5 Inch ke 3.5 Inch,Jakarta Barat,Rp8.600,4.9
KABEL HDMI 1.5 M STANDART HITAM MURAH - HDMI 1.5 METER,Jakarta Barat,Rp6.100,4.9
Kabel power adaptor laptop - cable power notebook - kabel charger laptop 3 lubang 3hole,Jakarta Barat,Rp17.900,4.7
Kabel Power CPU Listrik standart,Depok,Rp7.900,4.8
Hardisk eksternal Seagate Slim 1TB support Apple Mac Android Windows / External Hardisk Seagate Slim 1TB Bisa Windows Apple Mac Android,Jakarta Timur,Rp739.000,4.9
Tenda N301 Router Wiireless 300Mbps 2 Antena,Jakarta Pusat,Rp131.800,4.8
kaki fan lga 775,Tangerang,Rp1.500,4.7
Charger Adaptor Casan Laptop Acer Aspire Ori Acer 4741 4820 3820T 4750 4743 4738 4739 4740 4530 4535 4349 4551 4349 4743 19v 3.42a Original,Jakarta Utara,Rp55.000,4.9
Kabel USB to MINI USB 5pin NYK Kabel Data USB to 5 PIN 60 cm,Jakarta Utara,Rp9.500,4.9
Baut - Screw Laptop Notebook Berbagai Ukuran up to,Depok,Rp900,4.6
BA-155D Jack USB 2.0 Male Hitam,Serang,Rp1.800,5
Sandisk Flashdisk Cruzer Blade CZ50 USB 8GB,Jakarta Pusat,Rp47.000,4.9
Low Profile Keychron Optical Switch Set,Jakarta Barat,Rp5.000,5
TIN BOX KOTAK FLASHDISK SANDISK CRUZER BLADE,Tangerang,Rp6.000,4.9
Keyboard laptop ASUS X441 X441N X441M X441S X441MA X441NA X441H X441b X441ba X441NC X441SA X441SC X441UA A441UV A441UA A441S Hitam,Jakarta Utara,Rp48.300,4.9
KONVERTER Converter HDMI TO VGA KABEL HDMI TO VGA - Putih,Jakarta Timur,Rp27.000,4.9
TOTOLINK S808 8-Port 10/100Mbps Desktop Switch,Sidoarjo,Rp98.000,4.9
Kabel Strap Pengikat Serba Guna / Velcro Cable Ties,Jakarta Utara,Rp2.250,4.9
Cooler fan vacuum dan cooling pad ace cooling big fan samoon 14-15inch,Jakarta Utara,Rp45.900,4.8
Mouse Wired LENOVO M20 USB,Jakarta Barat,Rp19.900,4.8
speaker multimedia komputer laptop,Jakarta Barat,Rp34.900,4.3
SC UPC Adapter - Penyambung Kabel FTTH Fiber Optic Optik,Bandung,Rp1.900,4.9
KABEL COAXIAL RG-58 50ohm METERAN,Jakarta Barat,Rp6.500,4.8
Karet Konektor Kabel UTP RJ45 Plug Boot Cover Pelindung RJ45,Jakarta Barat,Rp220,4.8
Kaki Pin LGA 775 Soket Socket Heatsink Intel Kipas Fan,Jakarta Utara,Rp3.900,5
Baterai CMOS Labtop CR-2032 + Kabel,Jakarta Timur,Rp9.500,4.8
hardisk external toshiba 1tb / eksternal hardisk toshiba 1tb,Jakarta Timur,Rp689.000,4.9
Adaptor 24V 1A 24 Volt 1A,Tangerang,Rp28.000,4.9
Flashdisk VGen Astro 16gb,Sukoharjo,Rp46.000,4.8
dbE GM500 High End Gaming Headphone,Jakarta Selatan,Rp460.000,4.9
barrel penyambung konektor rj45 barel sambungan,Surabaya,Rp2.000,4.9
ACOME MicroSD Card 8GB 16GB 32GB 64GB High Speed Up To 90MB S Class 10,Karawang,Rp64.900,4.9
Protection Sleeve Fiber Optik FTTH Ukuran 6cm isi 50pcs,Surabaya,Rp15.000,4.8
Flashdisk Sandisk Cruzer Blade 8GB Original Garansi Resmi,Jakarta Barat,Rp36.500,4.9
Kabel Internet UTP LAN Outdoor FTP STP CAT5E Eceran Spectra Meteran Non Krimping,Surabaya,Rp2.000,5
Screw Baut Pc Komputer T5 (DVD),Sidoarjo,Rp800,5
Flashdisk - Kingston 8 GB,Jakarta Utara,Rp29.500,4.5
